{
    "Intercept": 1.6657218681608015,
    "sum_spend_per_user coefficient": 3.423413306073933,
    "avg_weekly_active_users_index coefficient": 0.16351327318952655
}